IDX,AFP,Input,Output,Enquiry,File,Interface,Added,Changed,Deleted,PDR_AFP,PDR_UFP,NPDR_AFP,NPDU_UFP,Resource,DevType,Duration,N_effort-,EffortX
1.0,1587.0,774.0,260.0,340.0,128.0,0.0,1502.0,0.0,0.0,4.7,5.0,4.7,5.0,4.0,0.0,4.0,7490.0,7490.0
2.0,260.0,9.0,4.0,3.0,193.0,41.0,51.0,138.0,61.0,16.0,16.6,16.0,16.6,2.0,0.0,17.0,4150.0,4150.0
3.0,152.0,25.0,33.0,28.0,42.0,35.0,163.0,0.0,0.0,4.4,4.1,4.4,4.1,1.0,0.0,9.0,668.0,668.0
4.0,252.0,151.0,28.0,8.0,39.0,0.0,69.0,153.0,4.0,12.8,14.3,15.5,17.3,1.0,0.0,4.0,3901.0,3238.0
5.0,292.0,93.0,0.0,194.0,20.0,0.0,0.0,307.0,0.0,10.3,9.8,12.4,11.7,1.0,0.0,13.0,3607.0,2994.0
6.0,83.0,63.0,0.0,24.0,0.0,0.0,0.0,87.0,0.0,16.1,15.3,19.3,18.5,1.0,0.0,4.0,1606.0,1333.0
7.0,79.0,24.0,0.0,23.0,30.0,0.0,0.0,77.0,0.0,20.3,20.9,24.5,25.1,1.0,0.0,6.0,1936.0,1607.0
8.0,97.0,0.0,108.0,7.0,0.0,5.0,120.0,0.0,0.0,11.9,9.7,11.9,9.7,2.0,0.0,7.0,1158.0,1158.0
9.0,116.0,0.0,23.0,58.0,14.0,20.0,81.0,34.0,0.0,10.7,10.8,12.9,13.0,1.0,0.0,6.0,1498.0,1243.0
10.0,52.0,39.0,7.0,0.0,0.0,0.0,0.0,46.0,0.0,64.8,73.3,78.1,88.3,1.0,0.0,7.0,4063.0,3372.0
11.0,465.0,209.0,129.0,24.0,83.0,15.0,460.0,0.0,0.0,21.9,22.2,21.9,22.2,1.0,0.0,9.0,10200.0,10200.0
12.0,67.0,32.0,5.0,16.0,7.0,0.0,25.0,35.0,0.0,25.4,28.4,30.6,34.2,1.0,0.0,7.0,2053.0,1704.0
13.0,199.0,0.0,115.0,57.0,0.0,42.0,214.0,0.0,0.0,13.3,12.3,15.2,14.2,2.0,0.0,7.0,3034.0,2640.0
14.0,176.0,13.0,54.0,54.0,40.0,7.0,168.0,0.0,0.0,19.0,19.9,19.0,19.9,1.0,0.0,26.0,3348.0,3348.0
15.0,391.0,208.0,26.0,81.0,25.0,0.0,38.0,302.0,0.0,1.7,2.0,2.1,2.4,1.0,0.0,7.0,814.0,676.0
16.0,263.0,65.0,45.0,101.0,42.0,10.0,176.0,87.0,0.0,3.5,3.5,3.5,3.5,1.0,0.0,3.0,911.0,911.0
17.0,42.0,12.0,15.0,3.0,7.0,15.0,52.0,0.0,0.0,59.4,48.0,59.4,48.0,1.0,0.0,6.0,2496.0,2496.0
18.0,190.0,98.0,20.0,16.0,63.0,5.0,160.0,42.0,0.0,6.2,5.8,6.2,5.8,1.0,0.0,10.0,1171.0,1171.0
19.0,245.0,105.0,28.0,18.0,58.0,0.0,19.0,190.0,0.0,14.4,16.9,14.4,16.9,1.0,0.0,13.0,3532.0,3532.0
20.0,77.0,28.0,0.0,42.0,0.0,0.0,0.0,70.0,0.0,5.7,6.2,6.8,7.5,1.0,0.0,1.0,525.0,436.0
21.0,355.0,278.0,0.0,73.0,0.0,0.0,0.0,351.0,0.0,2.6,2.6,3.1,3.1,1.0,0.0,4.0,1095.0,909.0
22.0,3156.0,2075.0,525.0,97.0,0.0,0.0,28.0,12.0,2657.0,2.9,3.4,3.5,4.1,1.0,0.0,6.0,10957.0,9094.0
23.0,46.0,0.0,28.0,0.0,25.0,0.0,28.0,25.0,0.0,7.5,6.5,7.5,6.5,1.0,0.0,6.0,344.0,344.0
24.0,56.0,14.0,12.0,15.0,7.0,5.0,53.0,0.0,0.0,5.3,5.6,5.3,5.6,4.0,0.0,3.0,296.0,296.0
25.0,106.0,65.0,4.0,12.0,14.0,0.0,35.0,53.0,7.0,33.0,36.9,39.8,44.4,1.0,0.0,13.0,4220.0,3503.0
26.0,71.0,31.0,28.0,9.0,7.0,0.0,31.0,23.0,21.0,3.5,3.3,4.2,3.9,1.0,0.0,1.0,296.0,246.0
27.0,306.0,51.0,105.0,0.0,105.0,45.0,306.0,0.0,0.0,6.8,6.8,6.8,6.8,2.0,0.0,24.0,2082.0,2082.0
28.0,244.0,68.0,78.0,22.0,62.0,14.0,244.0,0.0,0.0,0.8,0.8,0.8,0.8,4.0,0.0,7.0,191.0,191.0
29.0,98.0,21.0,46.0,3.0,44.0,0.0,114.0,0.0,0.0,30.3,26.1,36.6,31.4,1.0,0.0,15.0,3583.0,2974.0
30.0,331.0,100.0,44.0,61.0,107.0,0.0,312.0,0.0,0.0,1.0,1.1,1.2,1.3,1.0,0.0,2.0,395.0,328.0
31.0,101.0,16.0,5.0,39.0,52.0,0.0,112.0,0.0,0.0,4.0,3.6,4.0,3.6,1.0,0.0,8.0,406.0,406.0
32.0,192.0,9.0,102.0,0.0,10.0,77.0,198.0,0.0,0.0,9.3,9.0,11.2,10.9,1.0,0.0,8.0,2151.0,1785.0
33.0,60.0,39.0,4.0,0.0,14.0,10.0,39.0,22.0,6.0,7.9,7.0,7.9,7.0,2.0,0.0,8.0,471.0,471.0
34.0,180.0,74.0,18.0,33.0,57.0,0.0,153.0,29.0,0.0,3.9,3.8,3.9,3.8,2.0,0.0,5.0,700.0,700.0
35.0,118.0,43.0,71.0,7.0,0.0,0.0,38.0,83.0,0.0,4.9,4.8,5.9,5.8,1.0,0.0,2.0,698.0,579.0
36.0,73.0,43.0,10.0,4.0,15.0,0.0,6.0,66.0,0.0,16.6,16.8,20.0,20.3,1.0,0.0,3.0,1459.0,1211.0
37.0,143.0,63.0,0.0,27.0,45.0,0.0,14.0,121.0,0.0,8.0,8.4,9.82348263788935,10.2,1.0,0.0,4.0,1372.0,1139.0
38.0,2190.0,706.0,648.0,236.0,235.0,0.0,1825.0,0.0,0.0,6.6,8.0,7.6,9.1,2.0,0.0,19.0,16690.0,14520.0
39.0,9.0,0.0,10.0,0.0,0.0,0.0,5.0,5.0,0.0,26.6,23.9,26.6,23.9,1.0,0.0,2.0,239.0,239.0
40.0,203.0,21.0,167.0,3.0,10.0,0.0,201.0,0.0,0.0,6.2,6.3,7.5,7.6,1.0,0.0,5.0,1520.0,1262.0
41.0,162.0,64.0,36.0,9.0,28.0,20.0,157.0,0.0,0.0,10.8,11.092383765849336,10.8,11.2,1.0,0.0,8.0,1754.0,1754.0
42.0,183.0,60.0,21.0,29.0,71.0,0.0,181.0,0.0,0.0,8.3,8.4,10.0,10.1,1.0,0.0,6.0,1824.0,1514.0
43.0,59.0,36.0,21.0,0.0,0.0,0.0,6.0,51.0,0.0,11.3,11.7,13.6,14.1,1.0,0.0,8.0,804.0,667.0
44.0,412.0,198.0,14.0,99.0,91.0,10.0,412.0,0.0,0.0,14.2,14.2,14.2,14.2,2.0,0.0,20.0,5864.0,5864.0
45.0,348.0,198.0,14.0,33.0,77.0,0.0,10.0,312.0,0.0,2.8,3.0,3.4,3.6,1.0,0.0,3.0,1172.0,973.0
46.0,2529.0,554.0,513.0,66.0,703.0,220.0,2056.0,0.0,0.0,10.895467441029192,10.412832966766658,2.1,2.6,2.0,0.0,13.0,5333.0,5333.0
47.0,250.0,28.0,92.0,57.0,0.0,30.0,164.0,43.0,0.0,7.1,8.6,7.1,8.6,2.0,0.0,8.0,1775.0,1775.0
48.0,206.0,0.0,199.0,0.0,0.0,5.0,100.0,104.0,0.0,1.0,1.0,1.2,1.2,1.0,0.0,5.0,246.0,204.0
49.0,617.0,184.0,136.0,103.0,133.0,0.0,377.0,179.0,0.0,5.1,5.7,6.1,6.8,1.0,0.0,7.0,3793.0,3148.0
50.0,173.0,0.0,78.0,10.0,17.0,72.0,177.0,0.0,0.0,50.4,49.2,60.7,59.3,1.0,0.0,12.0,10501.0,8716.0
51.0,286.0,45.0,156.0,27.0,37.0,0.0,265.0,0.0,0.0,5.1,5.5,5.1,5.5,1.0,0.0,6.0,1464.0,1464.0
52.0,52.0,13.0,17.0,6.0,10.0,5.0,20.0,16.0,15.0,26.1,26.6,31.5,32.1,1.0,0.0,2.0,1636.0,1358.0
53.0,45.0,6.0,28.0,0.0,0.0,25.0,59.0,0.0,0.0,6.2,4.8,6.2,4.8,2.0,0.0,7.0,281.0,281.0
54.0,104.0,30.0,7.0,48.0,15.0,0.0,0.0,100.0,0.0,22.3,23.2,26.9,28.0,1.0,0.0,5.0,2796.0,2321.0
55.0,465.0,234.0,44.0,104.0,118.0,0.0,431.0,15.0,54.0,8.7,8.1,10.5,9.8,1.0,0.0,13.0,4884.0,4054.0
56.0,2145.0,862.0,63.0,491.0,518.0,300.0,2234.0,0.0,0.0,1.1,1.1,1.1,1.1,4.0,0.0,84.0,2400.0,2400.0
57.0,283.0,20.0,125.0,39.0,91.0,17.0,292.0,0.0,0.0,20.0,19.3,20.0,19.3,1.0,0.0,13.0,5650.0,5650.0
58.0,109.0,0.0,84.0,0.0,17.0,5.0,47.0,59.0,0.0,14.0,14.4,16.9,17.3,1.0,0.0,2.0,1837.0,1525.0
59.0,160.0,0.0,21.0,72.0,25.0,40.0,74.0,68.0,16.0,3.0,3.0,3.6,3.6,1.0,0.0,2.0,575.0,477.0
60.0,65.0,0.0,64.0,0.0,0.0,0.0,54.0,10.0,0.0,7.7,7.9,9.3,9.5,1.0,0.0,2.0,606.0,503.0
61.0,366.0,160.0,27.0,96.0,72.0,0.0,260.0,84.0,11.0,23.1,23.9,27.9,28.7,1.0,0.0,10.0,10205.0,8470.0
62.0,63.0,18.0,10.0,3.0,28.0,0.0,16.0,43.0,0.0,12.3,13.2,14.9,15.9,1.0,0.0,3.0,937.0,778.0
63.0,309.0,126.0,13.0,59.0,153.0,30.0,381.0,0.0,0.0,8.4,6.8,8.4,6.8,4.0,0.0,8.0,2597.0,2407.0
64.0,610.0,137.0,174.0,117.0,147.0,0.0,575.0,0.0,0.0,1.6,1.7,1.6,1.7,1.0,0.0,3.0,950.0,950.0
65.0,562.0,165.0,125.0,93.0,119.0,0.0,502.0,0.0,0.0,10.2,11.4,10.2,11.4,3.0,0.0,13.0,5727.0,5727.0
66.0,156.0,21.0,38.0,39.0,7.0,41.0,146.0,0.0,0.0,13.1,14.0,15.8,16.8,1.0,0.0,4.0,2458.0,2040.0
67.0,75.0,30.0,5.0,19.0,21.0,0.0,40.0,35.0,0.0,48.876866005037826,49.0,59.1,59.1,1.0,0.0,8.0,4430.0,3677.0
68.0,136.0,42.0,64.0,0.0,21.0,0.0,0.0,127.0,0.0,4.2,4.5,5.1,5.4,1.0,0.0,2.0,687.0,570.0
69.0,96.0,13.0,56.0,0.0,10.0,40.0,119.0,0.0,0.0,12.7,10.3,47.2,38.1,2.0,0.0,8.0,4530.0,1223.0
70.0,78.0,24.0,24.0,9.0,21.0,0.0,78.0,0.0,0.0,12.5,12.5,13.9,13.9,1.0,0.0,4.0,1084.0,976.0
71.0,51.0,42.0,0.0,14.0,0.0,0.0,20.0,36.0,0.0,7.6,6.9,9.1,8.3,1.0,0.0,12.0,466.0,387.0
72.0,1092.0,356.0,84.0,170.0,669.0,21.0,1300.0,0.0,0.0,4.0,3.4,4.9,4.1,1.0,0.0,13.0,5320.0,4416.0
73.0,134.0,42.0,11.0,32.0,35.0,14.0,134.0,0.0,0.0,2.1,2.1,2.6,2.6,1.0,0.0,8.0,345.0,286.0
74.0,75.0,24.0,9.0,0.0,36.0,0.0,0.0,69.0,0.0,4.1,4.4,4.9,5.3,1.0,0.0,5.0,367.0,305.0
75.0,88.0,18.0,20.0,0.0,43.0,0.0,36.0,45.0,0.0,1.5,1.6,1.8,1.9,1.0,0.0,7.0,155.0,129.0
76.0,3088.0,1061.0,1009.0,772.0,241.0,5.0,544.0,2544.0,0.0,1.4,1.4,1.4,1.4,1.0,0.0,8.0,4266.0,4266.0
77.0,82.0,25.0,46.0,0.0,14.0,15.0,100.0,0.0,0.0,5.4,4.4,5.4,4.4,1.0,0.0,3.0,440.0,440.0
78.0,110.0,30.0,66.0,0.0,7.0,0.0,18.0,85.0,0.0,12.4,13.2,12.23725322579662,13.2,1.0,0.0,2.0,1362.0,1362.0
79.0,308.0,153.0,83.0,0.0,112.0,10.0,236.0,122.0,0.0,8.2,7.1,8.2,7.1,2.0,0.0,6.0,2533.0,2533.0
80.0,143.0,75.0,32.0,3.0,62.0,0.0,172.0,0.0,0.0,1.6,1.3,1.6,1.3,1.0,0.0,10.0,225.0,225.0
81.0,826.0,292.0,326.0,155.0,32.0,0.0,396.0,139.0,270.0,13.4,13.7,13.4,13.7,1.0,0.0,13.0,11045.0,11045.0
82.0,3460.0,484.0,1831.0,318.0,208.0,142.0,2756.0,227.0,0.0,9.5,11.0,9.5,11.0,4.0,0.0,24.0,32760.0,32760.0
83.0,73.0,15.0,32.0,0.0,28.0,5.0,80.0,0.0,0.0,28.1,25.7,33.9,30.9,1.0,0.0,8.0,2475.0,2054.0
84.0,64.0,4.0,56.0,0.0,7.0,0.0,11.0,56.0,0.0,3.9,3.8,3.9,3.8,1.0,0.0,7.0,252.0,252.0
85.0,497.0,122.0,28.0,113.0,273.0,10.0,454.0,92.0,0.0,4.8,4.3,4.8,4.3,2.0,0.0,8.0,2362.0,2362.0
86.0,288.0,201.0,0.0,36.0,76.0,0.0,99.0,214.0,0.0,8.5,7.9,10.3,9.5,1.0,0.0,5.0,2963.0,2459.0
87.0,494.0,134.0,62.0,140.0,91.0,67.0,494.0,0.0,0.0,17.6,17.6,17.6,17.6,1.0,0.0,21.0,8706.0,8706.0
88.0,130.0,60.0,65.0,0.0,0.0,0.0,14.0,111.0,0.0,5.9,6.2,5.9,6.2,1.0,0.0,6.0,770.0,770.0
89.0,204.0,47.0,43.0,6.0,29.0,104.0,229.0,0.0,0.0,39.8,35.4,39.8,35.4,1.0,0.0,36.0,8111.0,8111.0
90.0,17.0,12.0,5.0,0.0,0.0,0.0,17.0,0.0,0.0,44.8,44.8,44.8,44.8,1.0,0.0,11.0,762.0,762.0
91.0,60.0,10.0,25.0,0.0,31.0,5.0,71.0,0.0,0.0,2.3,1.9,2.7,2.3,1.0,0.0,1.0,164.0,136.0
92.0,73.0,0.0,20.0,36.0,10.0,0.0,56.0,10.0,0.0,4.9,5.4,5.9,6.5,1.0,0.0,1.0,431.0,358.0
93.0,169.0,32.0,14.0,25.0,28.0,70.0,169.0,0.0,0.0,2.8,2.8,3.4,3.4,1.0,0.0,6.0,580.0,481.0
94.0,1351.0,379.0,449.0,271.0,219.0,20.0,1173.0,29.0,136.0,2.4,2.4,2.8,2.9,1.0,0.0,8.0,3842.0,3189.0
95.0,2087.0,862.0,444.0,303.0,437.0,0.0,2046.0,0.0,0.0,10.8,11.0,10.8,11.0,4.0,0.0,9.0,22500.0,22500.0
96.0,253.0,72.0,0.0,107.0,29.0,44.0,252.0,0.0,0.0,46.3,46.3,49.8,49.8,1.0,0.0,13.0,12601.0,11719.0
97.0,102.0,37.0,26.0,10.0,29.0,0.0,102.0,0.0,0.0,1.8,1.8,2.4,2.4,1.0,0.0,5.0,244.0,183.0
98.0,115.0,49.0,39.0,0.0,15.0,0.0,53.0,50.0,0.0,12.9,14.548413928785452,15.5,17.3,1.0,0.0,5.0,1786.0,1482.0
99.0,288.0,18.0,186.0,21.0,15.0,60.0,300.0,0.0,0.0,4.3,4.2,4.3,4.2,2.0,0.0,11.0,1251.0,1251.0
100.0,199.0,104.0,7.0,77.0,0.0,0.0,0.0,188.0,0.0,4.7,5.0,5.7,6.0,1.0,0.0,8.0,1136.0,943.0
101.0,163.0,49.0,14.0,33.0,49.0,10.0,155.0,0.0,0.0,16.5,17.3,19.8,20.9,1.0,0.0,11.0,3234.0,2684.0
102.0,97.0,21.0,41.0,0.0,49.0,15.0,16.0,100.0,10.0,7.5,5.8,7.5,5.8,2.0,0.0,9.0,729.0,729.0
103.0,439.0,82.0,222.0,19.0,85.0,10.0,105.0,313.0,0.0,8.3,8.7,8.3,8.7,1.0,0.0,7.0,3630.0,3630.0
104.0,3113.0,2019.0,609.0,248.0,157.0,80.0,3113.0,0.0,0.0,10.9,10.9,13.5,13.5,1.0,0.0,24.0,42080.0,34085.0
105.0,153.0,35.0,7.0,57.0,24.0,20.0,143.0,0.0,0.0,18.7,20.0,21.5,23.0,2.0,0.0,3.0,3283.0,2856.0
106.0,670.0,346.0,97.0,122.0,79.0,0.0,146.0,498.0,0.0,8.6,8.9,10.4,10.8,1.0,0.0,6.0,6936.0,5757.0
107.0,129.0,19.0,93.0,3.0,10.0,30.0,0.0,155.0,-0.0,4.9,4.1,4.9,4.1,2.0,0.0,15.0,631.0,631.0
108.0,329.0,324.0,68.0,14.0,0.0,0.0,206.0,73.0,127.0,6.6,5.4,6.6,5.4,2.0,0.0,8.0,2184.0,2184.0
109.0,5684.0,2221.0,454.0,820.0,1137.0,311.0,4943.0,0.0,0.0,3.7,4.3,3.7,4.3,1.0,0.0,37.0,21014.0,21014.0
110.0,61.0,27.0,4.0,24.0,17.0,0.0,72.0,0.0,0.0,6.8,5.8,8.2,7.0,1.0,0.0,4.0,502.0,417.0
111.0,267.0,27.0,133.0,51.0,34.0,89.0,70.0,178.0,86.0,10.0,8.0,10.0,8.0,2.0,0.0,9.0,2683.0,2683.0
112.0,218.0,78.0,16.0,56.0,77.0,0.0,227.0,0.0,0.0,25.4,24.4,30.6,29.4,1.0,0.0,4.0,6665.0,5532.0
113.0,919.0,458.0,236.0,56.0,58.0,76.0,884.0,0.0,0.0,5.2,5.4,6.3,6.6,1.0,0.0,6.0,5801.0,4815.0
114.0,66.0,27.0,12.0,6.0,14.0,0.0,28.0,31.0,0.0,3.7,4.2,4.5,5.0,1.0,0.0,2.0,296.0,246.0
115.0,54.0,36.0,0.0,16.0,0.0,0.0,0.0,52.0,0.0,12.7,13.2,15.3,15.9,1.0,0.0,1.0,827.0,686.0
116.0,245.0,88.0,105.0,27.0,79.0,-0.0,299.0,0.0,0.0,1.9,1.6,3.6,2.9,1.0,0.0,13.0,870.0,470.0
117.0,54.0,24.0,28.0,0.0,0.0,0.0,0.0,52.0,0.0,7.3,7.6,8.8,9.2,1.0,0.0,2.0,476.0,395.0
118.0,151.0,40.0,54.0,15.0,21.0,0.0,111.0,19.0,0.0,7.2,8.3,8.2,9.5,2.0,0.0,3.0,1241.0,1080.0
119.0,103.0,45.0,4.0,27.0,29.0,0.0,105.0,0.0,0.0,13.6,13.3,13.6,13.3,2.0,0.0,7.0,1396.0,1396.0
120.0,300.0,95.0,82.0,27.0,76.0,0.0,138.0,142.0,0.0,9.8,10.5,9.8,10.5,1.0,0.0,10.0,2933.0,2933.0
121.0,249.0,126.0,4.0,98.0,21.0,0.0,58.0,191.0,0.0,18.3,18.3,18.3,18.3,1.0,0.0,9.0,4551.0,4551.0
122.0,224.0,156.0,21.0,0.0,29.0,10.0,6.0,210.0,0.0,13.4,13.9,16.1,16.7,1.0,0.0,4.0,3613.0,2999.0
123.0,1984.0,255.0,1008.0,192.0,158.0,0.0,1613.0,0.0,0.0,1.3,1.6,1.3,1.6,2.0,0.0,11.0,2540.0,2540.0
124.0,58.0,15.0,37.0,0.0,0.0,5.0,0.0,57.0,0.0,0.4,0.5,0.5,0.5,1.0,0.0,2.0,31.0,26.0
125.0,56.0,50.0,0.0,3.0,0.0,0.0,0.0,53.0,0.0,8.0,8.5,9.6,10.2,1.0,0.0,2.0,540.0,448.0
126.0,244.0,91.0,12.0,44.0,60.0,50.0,257.0,0.0,0.0,3.7454575970131065,3.5,4.5,4.2,1.0,0.0,3.0,1092.0,906.0
127.0,12.0,0.0,0.0,6.0,7.0,0.0,10.0,3.0,0.0,17.6,16.2,17.6,16.2,2.0,0.0,13.0,211.0,211.0
128.0,1416.0,402.0,432.0,0.0,252.0,65.0,376.0,775.0,0.0,1.2,1.5,1.2,1.5,2.0,0.0,12.0,1724.0,1724.0
129.0,67.0,3.0,26.0,0.0,7.0,35.0,71.0,0.0,0.0,23.6,22.3,27.2,25.6,2.0,0.0,5.0,1821.0,1584.0
130.0,95.0,36.0,0.0,32.0,24.0,0.0,0.0,92.0,0.0,1.6,1.6,1.9,1.9,1.0,0.0,7.0,178.0,148.0
131.0,2376.0,638.0,233.0,639.0,580.0,131.0,2221.0,0.0,0.0,10.7,11.5,12.9,13.8,1.0,0.0,24.0,30701.0,25482.0
132.0,442.0,225.0,102.0,57.0,91.0,0.0,82.0,393.0,0.0,1.5,1.4,1.5,1.4,1.0,0.0,5.0,683.0,683.0
133.0,68.0,21.0,12.0,19.0,15.0,0.0,11.0,56.0,0.0,37.1,37.6,44.7,45.3,1.0,0.0,4.0,3037.0,2582.0
134.0,268.0,76.0,96.0,45.0,41.0,10.0,248.0,20.0,0.0,10.916498209204988,10.9,10.9,10.9,2.0,0.0,9.0,2933.0,2933.0
135.0,90.0,96.0,0.0,0.0,0.0,0.0,96.0,0.0,0.0,5.5,5.1,6.6,6.2,1.0,0.0,2.0,595.0,494.0
136.0,72.0,23.0,25.0,7.0,17.0,0.0,55.0,17.0,0.0,6.8,6.8,6.8,6.8,1.0,0.0,7.0,486.0,486.0
137.0,505.0,111.0,127.0,18.0,216.0,0.0,472.0,0.0,0.0,9.8,10.5,9.8,10.5,1.0,0.0,30.0,4955.0,4955.0
138.0,450.0,112.0,145.0,59.0,105.0,0.0,356.0,58.0,7.0,13.6,14.6,13.6,14.6,1.0,0.0,7.0,6138.0,6138.0
139.0,230.0,129.0,38.0,46.0,57.0,0.0,230.0,40.0,0.0,6.3,5.4,7.6,6.5,1.0,0.0,10.0,1748.0,1451.0
140.0,242.0,97.0,78.0,4.0,43.0,0.0,0.0,222.0,0.0,1.3,1.4,1.5,1.7,1.0,0.0,2.0,375.0,311.0
141.0,106.0,21.0,76.0,6.0,0.0,0.0,7.0,96.0,0.0,23.1,23.7,27.8,28.6,1.0,0.0,2.0,2946.0,2445.0
142.0,31.0,10.0,14.0,0.0,7.0,0.0,4.0,27.0,0.0,7.6,7.6,7.6,7.6,1.0,0.0,6.0,237.0,237.0
143.0,1186.0,422.0,306.0,109.0,168.0,230.0,1235.0,0.0,0.0,3.1,3.0,3.1,3.0,3.0,0.0,9.0,3711.0,3711.0
144.0,256.0,69.0,198.0,0.0,0.0,5.0,272.0,0.0,0.0,11.5,10.8,11.5,10.8,2.0,0.0,19.0,2941.0,2941.0
145.0,191.0,44.0,60.0,15.0,49.0,25.0,159.0,34.0,0.0,12.7,12.6,12.7,12.6,2.0,0.0,11.0,2430.0,2430.0
146.0,213.0,102.0,63.0,6.0,28.0,0.0,186.0,13.0,0.0,11.9,12.7,14.443806820684324,15.3,1.0,0.0,10.0,3051.0,2532.0
147.0,4562.0,1098.0,1278.0,498.0,1059.0,0.0,3933.0,0.0,0.0,5.8,6.7,5.8,6.7,1.0,0.0,15.0,26408.0,26408.0
148.0,141.0,44.0,33.0,44.0,17.0,0.0,5.0,133.0,0.0,8.8,9.0,10.6,10.9,1.0,0.0,2.0,1499.0,1244.0
149.0,187.0,23.0,65.0,17.0,91.0,5.0,201.0,0.0,0.0,3.0,2.8,3.6,3.4,1.0,0.0,6.0,677.0,562.0
150.0,128.0,45.0,0.0,68.0,0.0,15.0,128.0,0.0,0.0,25.8,25.8,56.1,56.1,1.0,0.0,10.0,7180.0,3303.0
151.0,194.0,70.0,16.0,0.0,45.0,47.0,46.0,132.0,0.0,2.6,2.8,3.6,3.9,1.0,0.0,6.0,703.0,499.0
152.0,869.0,288.0,300.0,116.0,230.0,0.0,934.0,0.0,0.0,2.4,2.2,2.4,2.2,3.0,0.0,6.0,2078.0,2078.0
153.0,125.0,51.0,9.0,33.0,22.0,0.0,20.0,84.0,11.0,18.6,20.2,22.4,24.4,1.0,0.0,3.0,2802.0,2326.0
154.0,477.0,235.0,117.0,89.0,46.0,10.0,172.0,218.0,107.0,5.7,5.5,5.7,5.5,1.0,0.0,6.0,2741.0,2741.0
155.0,717.0,599.0,130.0,10.0,24.0,0.0,51.0,712.0,0.0,4.9,4.6,6.0,5.6,1.0,0.0,5.0,4272.0,3546.0
156.0,25.0,0.0,28.0,0.0,0.0,0.0,0.0,28.0,0.0,5.6,5.0,5.6,5.0,1.0,0.0,3.0,140.0,140.0
157.0,73.0,9.0,61.0,3.0,0.0,0.0,73.0,0.0,0.0,19.2,19.2,19.2,19.2,1.0,0.0,8.0,1404.0,1404.0
158.0,100.0,61.0,0.0,0.0,0.0,42.0,28.0,75.0,0.0,9.3,9.0,11.2,10.9,1.0,0.0,12.0,1119.0,929.0
159.0,273.0,103.0,183.0,15.0,17.0,0.0,318.0,0.0,0.0,1.9,1.7,1.9,1.7,3.0,0.0,5.0,528.0,528.0
160.0,587.0,108.0,119.0,94.0,203.0,0.0,524.0,0.0,0.0,6.4,7.2,6.4,7.2,3.0,0.0,15.0,3748.0,3748.0
161.0,1437.0,920.0,154.0,41.0,203.0,0.0,1318.0,0.0,0.0,3.4,3.7,3.4,3.7,4.0,0.0,18.0,4900.0,4900.0
162.0,97.0,3.0,101.0,3.0,0.0,7.0,108.0,6.0,0.0,19.1,16.3,19.1,16.3,2.0,0.0,12.0,1853.0,1853.0
163.0,224.0,110.0,25.0,6.0,49.0,5.0,195.0,0.0,0.0,12.9,14.8,14.8,17.0,2.0,0.0,13.0,3322.0,2890.0
164.0,321.0,168.0,46.0,9.0,77.0,15.0,315.0,0.0,0.0,3.4,3.4,3.4,3.4,4.0,0.0,11.0,1076.0,1076.0
165.0,99.0,6.0,4.0,19.0,59.0,10.0,98.0,0.0,0.0,24.1,24.4,29.1,29.3,1.0,0.0,4.0,2876.0,2387.0
166.0,416.0,179.0,40.0,54.0,109.0,7.0,318.0,65.0,6.0,3.8,4.1,4.6,4.9,1.0,0.0,6.0,1911.0,1586.0
167.0,71.0,21.0,21.0,4.0,14.0,5.0,25.0,40.0,0.0,14.0,15.3,16.9,18.5,1.0,0.0,4.0,1201.0,997.0
168.0,120.0,60.0,48.0,12.0,0.0,0.0,12.0,108.0,0.0,1.8,1.8,1.8,1.8,1.0,0.0,5.0,212.0,212.0
169.0,213.0,72.0,43.0,3.0,84.0,30.0,132.0,97.0,3.0,6.0,5.5,6.0,5.5,2.0,0.0,12.0,1278.0,1278.0
170.0,1634.0,625.0,387.0,223.0,399.0,0.0,1634.0,0.0,0.0,4.3,4.3,4.3,4.3,2.0,0.0,12.0,7060.0,7060.0
171.0,275.0,184.0,11.0,48.0,7.0,0.0,7.0,243.0,0.0,2.6,2.8,2.6,2.8,1.0,0.0,9.0,702.0,702.0
172.0,458.0,202.0,66.0,75.0,115.0,0.0,458.0,0.0,0.0,2.0,2.0,2.0,2.0,1.0,0.0,16.0,903.0,903.0
173.0,218.0,28.0,118.0,44.0,0.0,10.0,91.0,109.0,0.0,31.0,33.8,37.4,40.8,1.0,0.0,8.0,8151.0,6765.0
174.0,498.0,107.0,132.0,7.0,77.0,122.0,445.0,0.0,0.0,16.5,18.5,16.5,18.5,3.0,0.0,19.0,8227.0,8227.0
175.0,143.0,54.0,65.0,0.0,14.0,0.0,11.0,122.0,0.0,2.3,2.5,2.8,3.0,1.0,0.0,4.0,402.0,334.0
176.0,722.0,163.0,0.0,202.0,237.0,20.0,622.0,0.0,0.0,5.8,6.7,5.8,6.7,1.0,0.0,9.0,4164.0,4164.0
177.0,236.0,27.0,192.0,12.0,37.0,0.0,268.0,0.0,0.0,29.0,25.5,29.0,25.5,2.0,0.0,15.0,6844.0,6844.0
178.0,239.0,39.0,70.0,18.0,62.0,55.0,244.0,0.0,0.0,6.9,6.8,6.9,6.8,2.0,0.0,10.0,1661.0,1661.0
179.0,1882.0,711.0,589.0,218.0,442.0,0.0,1960.0,0.0,0.0,3.2,3.1,3.2,3.1,2.0,0.0,10.0,6068.0,6068.0
180.0,291.0,188.0,29.0,0.0,69.0,37.0,323.0,0.0,0.0,20.8,18.8,22.4,20.2,2.0,0.0,14.0,6519.0,6063.0
181.0,328.0,124.0,71.0,61.0,66.0,0.0,322.0,0.0,0.0,2.0,2.1,2.0,2.1,1.0,0.0,13.0,665.0,665.0
182.0,264.0,126.0,7.0,50.0,84.0,0.0,267.0,0.0,0.0,2.1,2.0,2.1,2.0,1.0,0.0,6.0,544.0,544.0
183.0,270.0,54.0,42.0,53.0,91.0,30.0,270.0,0.0,0.0,3.3,3.3,3.3,3.3,1.0,0.0,6.0,893.0,893.0
184.0,32.0,0.0,7.0,12.0,0.0,10.0,29.0,0.0,0.0,11.0,12.1,11.0,12.1,1.0,0.0,2.0,352.0,352.0
185.0,1382.0,353.0,245.0,7.0,581.0,253.0,1439.0,0.0,0.0,2.4,2.3,2.4,2.3,4.0,0.0,8.0,3344.0,3344.0
186.0,98.0,45.0,5.0,19.0,28.0,0.0,94.0,3.0,0.0,4.1,4.2,5.0,5.0,1.0,0.0,1.0,487.0,404.0
187.0,289.0,3.0,100.0,0.0,66.0,145.0,314.0,0.0,0.0,19.8,18.3,19.8,18.3,2.0,0.0,8.0,5732.0,5732.0
188.0,1059.0,299.0,234.0,144.0,217.0,60.0,954.0,0.0,0.0,21.6,24.0,24.9,27.6,2.0,0.0,17.0,26345.0,22920.0
189.0,724.0,331.0,12.0,189.0,164.0,0.0,530.0,142.0,24.0,13.0,13.5,15.7,16.3,1.0,0.0,9.0,11336.0,9409.0
190.0,40.0,10.0,22.0,0.0,17.0,0.0,49.0,0.0,0.0,7.1,5.8,7.1,5.8,4.0,0.0,4.0,285.0,285.0
191.0,128.0,72.0,18.0,24.0,7.0,0.0,4.0,117.0,0.0,10.1,10.7,12.2,12.9,1.0,0.0,3.0,1558.0,1293.0
192.0,1248.0,249.0,262.0,146.0,423.0,15.0,1095.0,0.0,0.0,12.2,13.8,12.2,13.8,4.0,0.0,12.0,15165.0,15165.0
193.0,387.0,109.0,118.0,67.0,90.0,7.0,391.0,0.0,0.0,8.5,8.4,10.2,10.1,1.0,0.0,17.0,3960.0,3287.0
194.0,73.0,0.0,65.0,0.0,0.0,5.0,19.0,44.0,7.0,10.5,10.9,12.6,13.1,1.0,0.0,3.0,920.0,764.0
195.0,151.0,22.0,0.0,68.0,47.0,0.0,32.0,105.0,0.0,14.5,16.0,17.5,19.3,1.0,0.0,3.0,2643.0,2194.0
196.0,465.0,48.0,162.0,0.0,196.0,37.0,443.0,0.0,0.0,4.3,4.5,5.2,5.5,1.0,0.0,4.0,2427.0,2014.0
197.0,63.0,29.0,0.0,9.0,24.0,0.0,62.0,0.0,0.0,13.1,13.3,15.8,16.1,1.0,0.0,4.0,996.0,827.0
198.0,226.0,88.0,70.0,19.0,28.0,0.0,92.0,106.0,7.0,11.1,12.2,11.1,12.2,1.0,0.0,10.0,2508.0,2508.0
199.0,115.0,76.0,11.0,28.0,0.0,0.0,10.0,105.0,0.0,1.7,1.7,1.7,1.7,1.0,0.0,2.0,201.0,149.0
200.0,189.0,39.0,112.0,3.0,28.0,0.0,0.0,182.0,0.0,3.0,3.1,3.0,3.1,2.0,0.0,15.0,563.0,563.0
201.0,55.0,52.0,0.0,6.0,0.0,0.0,58.0,0.0,0.0,9.7,9.2,11.7,11.1,1.0,0.0,11.0,643.0,534.0
202.0,85.0,12.0,44.0,0.0,24.0,0.0,12.0,68.0,0.0,12.2,13.0,14.7,15.7,1.0,0.0,4.0,1252.0,1039.0
203.0,2143.0,219.0,657.0,3.0,485.0,437.0,1801.0,0.0,0.0,20.2,24.0,24.3,29.0,1.0,0.0,7.0,52172.0,43303.0
204.0,520.0,181.0,160.0,9.0,55.0,25.0,430.0,0.0,0.0,6.0,7.3,6.0,7.3,2.0,0.0,8.0,3133.0,3133.0
205.0,113.0,25.0,34.0,16.0,27.0,0.0,38.0,64.0,0.0,15.9,17.7,18.3,20.3,2.0,0.0,3.0,2070.0,1801.0
206.0,264.0,85.0,17.0,26.0,133.0,0.0,157.0,98.0,6.0,10.0,10.1,12.0,12.2,1.0,0.0,6.0,3180.0,2639.0
207.0,349.0,162.0,24.0,18.0,112.0,30.0,342.0,4.0,0.0,6.8,6.8,6.8,6.8,2.0,0.0,4.0,2360.0,2360.0
208.0,229.0,88.0,5.0,0.0,17.0,131.0,241.0,0.0,0.0,11.0,10.5,12.7,12.0,2.0,0.0,5.0,2897.0,2520.0
209.0,172.0,88.0,40.0,4.0,30.0,7.0,169.0,0.0,0.0,10.4,10.6,10.4,10.6,4.0,0.0,5.0,1788.0,1788.0
210.0,323.0,108.0,57.0,53.0,74.0,31.0,323.0,0.0,0.0,3.8,3.8,3.8,3.8,1.0,0.0,13.0,1238.0,1238.0
211.0,89.0,15.0,28.0,17.0,7.0,30.0,24.0,73.0,0.0,5.0,4.6,5.0,4.6,2.0,0.0,4.0,442.0,442.0
212.0,878.0,113.0,404.0,161.0,133.0,17.0,828.0,0.0,0.0,3.8,4.1,4.3,4.5,1.0,0.0,5.0,3742.0,3368.0
213.0,220.0,81.0,50.0,51.0,42.0,0.0,224.0,0.0,0.0,1.3,1.3,1.3,1.3,3.0,0.0,3.0,281.0,281.0
214.0,150.0,125.0,4.0,20.0,0.0,0.0,6.0,143.0,0.0,4.6,4.6,5.5,5.6,1.0,0.0,3.0,828.0,687.0
215.0,161.0,60.0,38.0,30.0,41.0,-0.0,169.0,0.0,0.0,1.4,1.3,1.4,1.3,1.0,0.0,2.0,220.0,220.0
216.0,804.0,345.0,334.0,-0.0,236.0,42.0,957.0,0.0,0.0,14.2,11.9,17.1,14.3,1.0,0.0,12.0,13720.0,11388.0
217.0,272.0,63.0,20.0,61.0,71.0,30.0,245.0,0.0,0.0,35.7,39.7,41.1,45.6,2.0,0.0,14.0,11172.0,9720.0
218.0,33.0,8.0,7.0,0.0,10.0,15.0,32.0,8.0,0.0,4.4,3.6,4.4,3.6,2.0,0.0,2.0,145.0,145.0
219.0,64.0,20.0,28.0,10.0,7.0,0.0,65.0,0.0,0.0,2.2,2.2,2.2,2.2,2.0,0.0,3.0,140.0,140.0
220.0,277.0,48.0,110.0,47.0,49.0,0.0,84.0,170.0,0.0,4.6,5.0,4.6,5.0,2.0,0.0,19.0,1265.0,1265.0
221.0,322.0,78.0,100.0,67.0,54.0,0.0,179.0,106.0,14.0,16.3,17.5,19.6,21.1,1.0,0.0,13.0,6316.0,5242.0
222.0,164.0,52.0,56.0,18.0,7.0,20.0,110.0,43.0,0.0,17.0,18.2,17.0,18.2,2.0,0.0,11.0,2791.0,2791.0
223.0,145.0,48.0,10.0,72.0,14.0,0.0,144.0,0.0,0.0,5.1,5.2,6.2,6.2,1.0,0.0,3.0,894.0,742.0
224.0,73.0,36.0,24.0,12.0,0.0,0.0,0.0,72.0,0.0,8.0,8.1,9.6,9.8,1.0,0.0,5.0,704.0,584.0
225.0,245.0,42.0,179.0,24.0,42.0,15.0,302.0,0.0,0.0,3.6,3.0,3.6,3.0,2.0,0.0,7.0,893.0,893.0
226.0,406.0,209.0,36.0,125.0,20.0,0.0,102.0,288.0,0.0,13.9,14.5,16.7,17.4,1.0,0.0,7.0,6794.0,5639.0
227.0,98.0,35.0,0.0,41.0,20.0,0.0,28.0,68.0,0.0,56.5,57.6,68.0,69.4,1.0,0.0,5.0,6666.0,5533.0
228.0,83.0,44.0,10.0,3.0,25.0,0.0,15.0,63.0,4.0,4.9,5.0,6.0,6.0,1.0,0.0,3.0,494.0,410.0
229.0,182.0,30.0,59.0,39.0,29.0,0.0,0.0,157.0,0.0,5.5,6.4,6.6,7.7,1.0,0.0,5.0,1206.0,1001.0
230.0,820.0,460.0,98.0,199.0,175.0,0.0,685.0,212.0,35.0,3.1,2.7,3.1,2.7,4.0,0.0,11.0,2552.0,2552.0
231.0,545.0,116.0,226.0,131.0,72.0,-0.0,79.0,466.0,0.0,16.0,16.0,16.0,16.0,1.0,0.0,11.0,8740.0,8740.0
232.0,105.0,96.0,9.0,0.0,0.0,0.0,21.0,84.0,0.0,1.9,1.9,1.9,1.9,1.0,0.0,8.0,198.0,198.0
233.0,55.0,12.0,10.0,14.0,15.0,0.0,9.0,42.0,0.0,42.7,46.0,51.4,55.5,1.0,0.0,1.0,2828.0,2347.0
234.0,62.0,27.0,4.0,0.0,31.0,7.0,69.0,0.0,0.0,13.2,11.8,15.9,14.3,1.0,0.0,8.0,984.0,817.0
235.0,109.0,0.0,105.0,0.0,0.0,0.0,0.0,105.0,0.0,2.3,2.4,2.8,2.9,1.0,0.0,1.0,300.0,249.0
236.0,436.0,27.0,334.0,15.0,0.0,60.0,436.0,0.0,0.0,17.8,17.8,17.8,17.8,2.0,0.0,15.0,7762.0,7762.0
237.0,179.0,60.0,44.0,6.0,38.0,40.0,188.0,0.0,0.0,4.3,4.1,5.2,5.0,1.0,0.0,4.0,935.0,776.0
238.0,1710.0,932.0,521.0,233.0,214.0,0.0,1900.0,0.0,0.0,7.7,6.9,7.7,6.9,2.0,0.0,21.0,13130.0,13130.0
239.0,128.0,49.0,15.0,25.0,31.0,0.0,120.0,0.0,0.0,12.8,13.7,14.8,15.8,2.0,0.0,2.0,1890.0,1644.0
240.0,174.0,21.0,7.0,30.0,50.0,32.0,140.0,0.0,0.0,77.7,96.6,77.7,96.6,4.0,0.0,8.0,13528.0,13528.0
241.0,70.0,28.0,4.0,15.0,21.0,0.0,39.0,29.0,0.0,8.8,9.1,10.6,10.9,1.0,0.0,5.0,743.0,617.0
242.0,379.0,159.0,29.0,57.0,119.0,15.0,379.0,0.0,0.0,6.3,6.3,6.3,6.3,1.0,0.0,7.0,2391.0,2391.0
243.0,258.0,12.0,16.0,230.0,0.0,0.0,26.0,232.0,0.0,2.3,2.3,2.3,2.3,2.0,0.0,5.0,605.0,605.0
244.0,129.0,33.0,0.0,39.0,24.0,25.0,121.0,0.0,0.0,16.0,17.1,18.4,19.6,2.0,0.0,4.0,2372.0,2064.0
245.0,856.0,349.0,194.0,74.0,84.0,155.0,856.0,0.0,0.0,3.0,3.0,3.0,3.0,2.0,0.0,12.0,2551.0,2551.0
246.0,127.0,56.0,14.0,10.0,39.0,0.0,25.0,94.0,0.0,13.1,14.0,15.8,16.9,1.0,0.0,7.0,2010.0,1668.0
247.0,381.0,119.0,107.0,9.0,28.0,65.0,137.0,191.0,0.0,4.8,5.5,4.8,5.5,2.0,0.0,19.0,1817.0,1817.0
248.0,234.0,117.0,19.0,93.0,0.0,5.0,231.0,3.0,0.0,21.8,21.8,21.8,21.8,1.0,0.0,10.0,5103.0,5103.0
249.0,215.0,58.0,62.0,46.0,51.0,0.0,82.0,135.0,0.0,13.2,13.1,15.9,15.7,1.0,0.0,8.0,3417.0,2836.0
250.0,1406.0,541.0,70.0,290.0,335.0,90.0,1326.0,0.0,0.0,10.6,11.3,10.5,11.1,4.0,0.0,1.0,14698.0,14938.0
251.0,85.0,21.0,67.0,3.0,0.0,15.0,22.0,59.0,25.0,12.3,9.9,12.3,9.9,2.0,0.0,13.0,1049.0,1049.0
252.0,59.0,10.0,32.0,3.0,21.0,5.0,71.0,0.0,0.0,18.0,14.9,21.7,18.0,1.0,0.0,10.0,1278.0,1061.0
253.0,358.0,139.0,0.0,89.0,70.0,40.0,338.0,0.0,0.0,38.9,41.2,46.8,49.6,1.0,0.0,9.0,16770.0,13919.0
254.0,73.0,40.0,0.0,12.0,10.0,0.0,0.0,62.0,0.0,50.3,59.3,60.7,71.4,1.0,0.0,7.0,4428.0,3675.0
255.0,597.0,189.0,96.0,78.0,239.0,7.0,609.0,0.0,0.0,4.3,4.2,4.3,4.2,1.0,0.0,6.0,2542.0,2542.0
256.0,276.0,90.0,120.0,34.0,14.0,0.0,101.0,139.0,18.0,8.1,8.7,8.1,8.7,1.0,0.0,2.0,2244.0,2244.0
257.0,728.0,181.0,165.0,15.0,84.0,167.0,330.0,27.0,255.0,11.1,13.1,13.3,15.8,1.0,0.0,4.0,9694.0,8046.0
258.0,59.0,0.0,55.0,0.0,0.0,0.0,11.0,11.0,33.0,83.8,89.9,101.0,108.3,1.0,0.0,6.0,5958.0,4945.0
259.0,98.0,36.0,32.0,9.0,17.0,0.0,45.0,42.0,7.0,13.4,14.0,16.1,16.8,1.0,0.0,11.0,1582.0,1313.0
260.0,812.0,452.0,66.0,127.0,84.0,5.0,302.0,320.0,112.0,4.3,4.4,4.3,4.4,1.0,0.0,7.0,3214.0,3214.0
261.0,155.0,120.0,34.0,0.0,0.0,0.0,47.0,107.0,0.0,3.1,3.1,3.8,3.8,1.0,0.0,10.0,582.0,483.0
262.0,466.0,125.0,104.0,107.0,133.0,0.0,107.0,362.0,0.0,4.2,4.9,5.1,5.9,1.0,0.0,4.0,2778.0,2306.0
263.0,813.0,27.0,677.0,34.0,0.0,100.0,18.0,820.0,0.0,2.0,1.9,2.0,1.9,2.0,0.0,9.0,1634.0,1634.0
264.0,75.0,23.0,0.0,30.0,27.0,14.0,94.0,0.0,0.0,9.6,7.825311541165594,9.6,7.7,1.0,0.0,6.0,720.0,720.0
265.0,112.0,85.0,4.0,16.0,14.0,0.0,119.0,0.0,0.0,9.6,9.0,9.6,9.0,4.0,0.0,13.0,1073.0,1073.0
266.0,211.0,73.0,32.0,79.0,22.0,5.0,111.0,100.0,0.0,16.9,16.9,16.9,16.9,1.0,0.0,13.0,3566.0,3566.0
267.0,895.0,222.0,271.0,222.0,63.0,0.0,778.0,0.0,0.0,0.9,1.0,0.9,1.0,1.0,0.0,7.0,780.0,780.0
268.0,74.0,18.0,7.0,37.0,7.0,5.0,74.0,0.0,0.0,54.0,54.0,54.0,54.0,1.0,0.0,14.0,3995.0,3995.0
269.0,3331.0,1049.0,519.0,399.0,595.0,360.0,2922.0,0.0,0.0,14.7,16.8,14.7,16.8,4.0,0.0,42.0,49034.0,49034.0
270.0,64.0,15.0,18.0,9.0,15.0,5.0,12.0,39.0,11.0,6.1,6.3,7.4,7.6,1.0,0.0,6.0,472.0,392.0
271.0,1402.0,328.0,804.0,187.0,49.0,63.0,1431.0,0.0,0.0,12.6,12.3,12.3,12.0,1.0,0.0,23.0,17219.0,17607.0
272.0,337.0,128.0,21.0,86.0,77.0,25.0,337.0,0.0,0.0,1.8,1.8,1.9,1.9,1.0,0.0,8.0,657.0,591.0
273.0,73.0,0.0,0.0,67.0,0.0,10.0,39.0,38.0,0.0,11.1,10.5,13.4,12.7,1.0,0.0,6.0,978.0,812.0
274.0,64.0,12.0,28.0,17.0,7.0,0.0,47.0,17.0,0.0,8.8,8.8,10.6,10.6,1.0,0.0,12.0,680.0,564.0
275.0,1703.0,186.0,463.0,0.0,516.0,316.0,1481.0,0.0,0.0,5.0,5.8,5.0,5.8,3.0,0.0,8.0,8549.0,8549.0
276.0,151.0,41.0,21.0,29.0,41.0,19.0,151.0,0.0,0.0,2.6,2.6,2.9,2.9,1.0,0.0,3.0,434.0,391.0
277.0,66.0,27.0,14.0,6.0,17.0,0.0,42.0,22.0,0.0,27.5,28.4,33.2,34.2,1.0,0.0,2.0,2189.0,1817.0
278.0,70.0,24.0,0.0,3.0,42.0,5.0,74.0,0.0,0.0,7.7,7.3,9.4,8.9,2.0,0.0,3.0,659.0,540.0
279.0,754.0,301.0,130.0,204.0,90.0,-0.0,213.0,512.0,0.0,9.9,10.3,11.9,12.4,1.0,0.0,8.0,8967.0,7443.0
280.0,325.0,106.0,49.0,31.0,80.0,12.0,136.0,142.0,0.0,26.7,31.2,32.1,37.5,1.0,0.0,6.0,10437.0,8663.0
281.0,168.0,84.0,7.0,45.0,40.0,22.0,198.0,0.0,0.0,27.5,23.3,27.5,23.3,2.0,0.0,12.0,4622.0,4622.0
282.0,226.0,99.0,50.0,43.0,63.0,5.0,260.0,0.0,0.0,4.0,3.5,4.0,3.5,4.0,0.0,7.0,915.0,915.0
283.0,335.0,83.0,71.0,71.0,111.0,17.0,353.0,0.0,0.0,75.8,72.0,75.8,72.0,4.0,0.0,12.0,25401.0,25401.0
284.0,76.0,21.0,51.0,3.0,0.0,0.0,63.0,12.0,0.0,7.5,7.6,9.0,9.1,1.0,0.0,5.0,686.0,569.0
285.0,221.0,31.0,133.0,0.0,45.0,5.0,53.0,161.0,0.0,6.8,7.1,8.2,8.5,1.0,0.0,4.0,1822.0,1512.0
286.0,1010.0,213.0,224.0,111.0,212.0,75.0,758.0,77.0,0.0,5.0,6.1,5.0,6.1,2.0,0.0,11.0,5053.0,5053.0
287.0,116.0,46.0,12.0,22.0,35.0,15.0,130.0,0.0,0.0,16.7,14.9,16.7,14.9,1.0,0.0,10.0,1939.0,1939.0
288.0,39.0,25.0,0.0,3.0,14.0,0.0,11.0,31.0,0.0,2.9,2.7,2.9,2.7,2.0,0.0,1.0,114.0,114.0
289.0,170.0,75.0,12.0,23.0,39.0,0.0,108.0,41.0,0.0,9.0,10.3,9.0,10.3,4.0,0.0,8.0,1532.0,1532.0
290.0,179.0,85.0,0.0,49.0,59.0,0.0,193.0,0.0,0.0,26.4,24.5,31.8,29.5,1.0,0.0,4.0,5690.0,4723.0
291.0,166.0,126.0,0.0,38.0,0.0,0.0,0.0,164.0,0.0,17.9,18.1,21.582282840081383,21.8,1.0,0.0,13.0,3580.0,2971.0
292.0,354.0,48.0,34.0,174.0,73.0,25.0,354.0,0.0,0.0,16.5,16.5,16.5,16.5,1.0,0.0,10.0,5841.0,5841.0
293.0,615.0,546.0,0.0,74.0,7.0,0.0,627.0,0.0,0.0,1.5,1.5,1.5,1.5,2.0,0.0,8.0,941.0,941.0
294.0,126.0,46.0,7.0,18.0,49.0,15.0,135.0,0.0,0.0,8.2,7.7,8.2,7.7,2.0,0.0,8.0,1035.0,1035.0
295.0,1390.0,379.0,377.0,133.0,182.0,170.0,1241.0,0.0,0.0,4.0,4.5,4.0,4.5,3.0,0.0,13.0,5597.0,5597.0
296.0,129.0,30.0,59.0,10.0,39.0,0.0,94.0,44.0,0.0,23.2,21.7,27.9,26.1,1.0,0.0,8.0,3600.0,2988.0
297.0,203.0,35.0,48.0,6.0,14.0,100.0,203.0,0.0,0.0,15.9,15.9,15.9,15.9,1.0,0.0,5.0,3219.0,3219.0
298.0,758.0,116.0,312.0,132.0,30.0,58.0,648.0,0.0,0.0,6.1,7.1,6.1,7.1,1.0,0.0,15.0,4630.0,4630.0
299.0,558.0,92.0,116.0,57.0,196.0,0.0,461.0,0.0,0.0,7.4,8.9,7.4,8.9,1.0,0.0,6.0,4112.0,4112.0
300.0,25.0,14.0,0.0,4.0,7.0,0.0,22.0,0.0,3.0,23.2,23.2,23.2,23.2,1.0,0.0,6.0,580.0,580.0
301.0,850.0,94.0,348.0,205.0,45.0,74.0,320.0,446.0,0.0,12.9,14.3,15.5,17.2,1.0,0.0,5.0,13183.0,10942.0
302.0,235.0,78.0,10.0,123.0,68.0,0.0,13.0,82.0,184.0,4.0,3.4,4.8,4.0,1.0,0.0,9.0,1129.0,937.0
303.0,58.0,15.0,0.0,19.0,22.0,0.0,26.0,30.0,0.0,43.4,44.9,52.2,54.1,1.0,0.0,8.0,3030.0,2515.0
304.0,316.0,14.0,118.0,14.0,155.0,0.0,139.0,151.0,11.0,8.2,8.6,8.2,8.6,2.0,0.0,8.0,2600.0,2600.0
305.0,7633.0,1240.0,2455.0,135.0,1732.0,1572.0,1376.0,5193.0,565.0,3.3,3.5,3.3,3.5,2.0,0.0,19.0,25217.0,25217.0
306.0,119.0,0.0,118.0,0.0,0.0,0.0,95.0,19.0,4.0,1.5,1.5,1.8,1.8,1.0,0.0,2.0,212.0,176.0
307.0,55.0,12.0,17.0,6.0,14.0,10.0,59.0,0.0,0.0,6.2,5.8,7.5,7.0,1.0,0.0,3.0,411.0,341.0
308.0,1644.0,240.0,858.0,177.0,91.0,115.0,1481.0,0.0,0.0,9.9,11.0,9.9,11.0,1.0,0.0,38.0,16357.0,16357.0
309.0,1193.0,196.0,667.0,149.0,115.0,54.0,516.0,485.0,180.0,2.5,2.5,3.0,3.1,1.0,0.0,12.0,3622.0,3006.0
310.0,605.0,155.0,231.0,91.0,105.0,0.0,582.0,0.0,0.0,2.8,2.9,3.4,3.5,1.0,0.0,8.0,2041.0,1694.0
311.0,389.0,120.0,94.0,77.0,63.0,10.0,198.0,166.0,0.0,2.9,3.1,2.9,3.1,2.0,0.0,6.0,1134.0,1134.0
312.0,132.0,56.0,0.0,27.0,38.0,7.0,128.0,0.0,0.0,9.0,9.3,10.8,11.2,1.0,0.0,8.0,1429.0,1186.0
313.0,132.0,30.0,50.0,22.0,24.0,0.0,39.0,27.0,60.0,10.5,11.0,12.6,13.2,1.0,0.0,9.0,1666.0,1383.0
314.0,286.0,94.0,36.0,44.0,38.0,55.0,267.0,0.0,0.0,6.0,6.5,6.0,6.5,1.0,0.0,6.0,1727.0,1727.0
315.0,305.0,73.0,87.0,39.0,63.0,10.0,272.0,0.0,0.0,14.8,16.6,14.8,16.6,3.0,0.0,7.0,4504.0,4504.0
316.0,268.0,73.0,105.0,0.0,70.0,0.0,248.0,0.0,0.0,17.9,19.4,20.6,22.2,2.0,0.0,8.0,5517.0,4800.0
317.0,110.0,36.0,15.0,0.0,49.0,10.0,110.0,0.0,0.0,23.2,23.2,23.2,23.2,2.0,0.0,24.0,2553.0,2553.0
318.0,3963.0,1184.0,616.0,952.0,1091.0,42.0,3885.0,0.0,0.0,4.3,4.4,4.3,4.4,2.0,0.0,11.0,16921.0,16921.0
319.0,397.0,83.0,252.0,16.0,58.0,0.0,409.0,0.0,0.0,18.8,18.2,22.6,22.0,1.0,0.0,7.0,8987.0,7459.0
320.0,254.0,90.0,39.0,3.0,117.0,0.0,119.0,100.0,30.0,15.3,15.6,15.3,15.6,2.0,0.0,11.0,3877.0,3877.0
321.0,134.0,73.0,0.0,22.0,14.0,0.0,33.0,76.0,0.0,15.6,19.2,18.8,23.1,1.0,0.0,8.0,2516.0,2088.0
322.0,266.0,101.0,70.0,26.0,56.0,5.0,258.0,0.0,0.0,17.7,18.2,21.3,21.9,1.0,0.0,8.0,5657.0,4695.0
323.0,237.0,114.0,11.0,44.0,42.0,0.0,181.0,30.0,0.0,13.5,15.2,16.3,18.3,1.0,0.0,9.0,3857.0,3201.0
324.0,1243.0,555.0,15.0,245.0,394.0,10.0,1219.0,0.0,0.0,9.2,9.4,11.1,11.4,1.0,0.0,9.0,13843.0,11490.0
325.0,666.0,138.0,233.0,124.0,105.0,5.0,605.0,0.0,0.0,1.1,1.2,1.1,1.2,1.0,0.0,13.0,752.0,752.0
326.0,1810.0,349.0,423.0,377.0,457.0,10.0,1616.0,0.0,0.0,16.2,18.2,16.2,18.2,3.0,0.0,35.0,29399.0,29399.0
327.0,88.0,56.0,7.0,15.0,7.0,0.0,9.0,76.0,0.0,26.1,27.0,31.5,32.6,1.0,0.0,6.0,2770.0,2299.0
328.0,62.0,19.0,8.0,9.0,15.0,0.0,51.0,0.0,0.0,14.2,17.3,15.3,18.6,1.0,0.0,5.0,949.0,883.0
329.0,305.0,59.0,102.0,19.0,60.0,21.0,138.0,123.0,0.0,28.5,33.3,34.4,40.2,1.0,0.0,10.0,10484.0,8702.0
330.0,349.0,107.0,93.0,97.0,52.0,0.0,286.0,63.0,0.0,10.6,10.6,10.6,10.6,1.0,0.0,8.0,3703.0,3703.0
331.0,156.0,0.0,133.0,0.0,10.0,0.0,143.0,0.0,0.0,4.5,4.9,5.4,5.9,1.0,0.0,4.0,849.0,705.0
332.0,100.0,24.0,76.0,3.0,7.0,0.0,40.0,70.0,0.0,14.3,13.0,14.3,13.0,1.0,0.0,15.0,1434.0,1434.0
333.0,222.0,20.0,5.0,93.0,73.0,0.0,47.0,144.0,0.0,11.0,12.8,13.3,15.5,1.0,0.0,4.0,2952.0,2450.0
334.0,506.0,54.0,161.0,43.0,173.0,80.0,511.0,0.0,0.0,6.909112248888216,6.8,6.9,6.8,1.0,0.0,9.0,3500.0,3500.0
335.0,123.0,28.0,0.0,47.0,15.0,25.0,115.0,0.0,0.0,15.4,16.5,17.7,18.9,2.0,0.0,3.0,2179.0,1896.0
336.0,252.0,0.0,109.0,143.0,0.0,0.0,109.0,143.0,0.0,27.1,27.1,27.1,27.1,2.0,0.0,11.0,6821.0,6821.0
337.0,258.0,186.0,40.0,19.0,10.0,0.0,0.0,255.0,0.0,5.4,5.5,6.5,6.6,1.0,0.0,4.0,1678.0,1393.0
338.0,166.0,67.0,88.0,6.0,0.0,0.0,37.0,120.0,4.0,15.7,16.2,18.9,19.5,1.0,0.0,7.0,3137.0,2604.0
339.0,181.0,45.0,39.0,38.0,42.0,5.0,169.0,0.0,0.0,20.1,21.5,22.6,24.2,2.0,0.0,10.0,4088.0,3638.0
340.0,284.0,99.0,112.0,26.0,28.0,0.0,220.0,27.0,18.0,11.4,12.2,11.4,12.2,1.0,0.0,4.0,3234.0,3234.0
341.0,52.0,0.0,60.0,0.0,0.0,0.0,0.0,55.0,5.0,4.8,4.2,5.8,5.1,1.0,0.0,3.0,304.0,252.0
342.0,102.0,72.0,0.0,18.0,0.0,7.0,0.0,97.0,0.0,10.1,10.6,12.1,12.8,1.0,0.0,3.0,1239.0,1028.0
343.0,58.0,26.0,29.0,3.0,0.0,0.0,22.0,36.0,0.0,11.9,11.9,14.4,14.4,1.0,0.0,5.0,833.0,691.0
344.0,1196.0,626.0,108.0,56.0,413.0,5.0,1208.0,0.0,0.0,6.5,6.5,6.5,6.5,4.0,0.0,12.0,7824.0,7824.0
345.0,38.0,30.0,0.0,8.0,0.0,0.0,32.0,0.0,6.0,6.5,6.5,6.5,6.5,1.0,0.0,4.0,247.0,247.0
346.0,84.0,33.0,0.0,21.0,27.0,0.0,61.0,20.0,0.0,32.6,33.8,39.3,40.7,1.0,0.0,10.0,3299.0,2738.0
347.0,73.0,18.0,14.0,8.0,44.0,0.0,40.0,44.0,0.0,15.4,13.3,18.5,16.1,1.0,0.0,6.0,1351.0,1121.0
348.0,449.0,352.0,12.0,12.0,52.0,0.0,0.0,428.0,0.0,35.7,37.5,43.0,45.2,1.0,0.0,8.0,19328.0,16042.0
349.0,551.0,188.0,116.0,52.0,114.0,5.0,223.0,231.0,21.0,4.4,5.1,5.3,6.2,1.0,0.0,13.0,2934.0,2435.0
350.0,194.0,48.0,47.0,28.0,27.0,35.0,185.0,0.0,0.0,7.4,7.8,7.4,7.8,2.0,0.0,8.0,1440.0,1440.0
351.0,185.0,36.0,14.0,50.0,32.0,10.0,142.0,0.0,0.0,34.7,45.2,34.7,45.2,1.0,0.0,16.0,6416.0,6416.0
352.0,134.0,43.0,0.0,77.0,36.0,0.0,156.0,0.0,0.0,9.1,7.8,10.9,9.4,1.0,0.0,5.0,1461.0,1213.0
353.0,1241.0,575.0,45.0,319.0,301.0,0.0,1240.0,0.0,0.0,8.2,8.2,8.2,8.2,1.0,0.0,15.0,10222.0,10222.0
354.0,99.0,81.0,0.0,3.0,15.0,0.0,6.0,93.0,0.0,2.4,2.4,2.4,2.4,1.0,0.0,3.0,241.0,241.0
355.0,1285.0,685.0,67.0,133.0,620.0,7.0,1512.0,0.0,0.0,0.9,0.8,0.9,0.8,1.0,0.0,16.0,1200.0,1200.0
356.0,466.0,164.0,212.0,12.0,66.0,7.0,461.0,0.0,0.0,3.7,3.7,4.4,4.5,1.0,0.0,10.0,2058.0,1708.0
357.0,77.0,30.0,0.0,20.0,22.0,0.0,7.0,65.0,0.0,27.4,29.3,33.0,35.3,1.0,0.0,4.0,2540.0,2108.0
358.0,81.0,11.0,22.0,0.0,20.0,21.0,64.0,10.0,0.0,5.6,6.1,6.8,7.4,1.0,0.0,1.0,547.0,454.0
359.0,694.0,61.0,164.0,168.0,145.0,60.0,598.0,0.0,0.0,5.9,6.8,5.9,6.8,4.0,0.0,8.0,4086.0,4086.0
360.0,62.0,18.0,7.0,6.0,10.0,17.0,7.0,51.0,0.0,32.7,34.9,39.4,42.1,1.0,0.0,5.0,2442.0,2027.0
361.0,56.0,0.0,42.0,0.0,0.0,15.0,57.0,0.0,0.0,5.2,5.1,5.2,5.1,1.0,0.0,3.0,293.0,293.0
362.0,753.0,289.0,13.0,0.0,363.0,7.0,672.0,0.0,0.0,5.7,6.4,5.7,6.4,1.0,0.0,12.0,4301.0,4301.0
363.0,421.0,177.0,22.0,217.0,0.0,5.0,421.0,-0.0,0.0,39.9,39.9,39.9,39.9,1.0,0.0,16.0,16788.0,16788.0
364.0,59.0,30.0,11.0,3.0,21.0,0.0,65.0,0.0,0.0,9.6,8.7,11.6,10.5,1.0,0.0,3.0,682.0,566.0
365.0,409.0,42.0,201.0,39.0,67.0,60.0,409.0,0.0,0.0,6.5,6.5,6.5,6.5,2.0,0.0,11.0,2672.0,2672.0
366.0,115.0,21.0,90.0,4.0,0.0,0.0,94.0,21.0,0.0,16.3,16.3,16.3,16.3,2.0,0.0,12.0,1869.0,1869.0
367.0,93.0,58.0,20.0,4.0,10.0,0.0,22.0,70.0,0.0,8.6,8.724840867146709,10.4,10.5,1.0,0.0,3.0,967.0,803.0
368.0,71.0,30.0,15.0,12.0,7.0,5.0,0.0,69.0,0.0,56.6,58.2,68.2,70.2,1.0,0.0,7.0,4842.0,4019.0
369.0,971.0,345.0,42.0,249.0,150.0,10.0,796.0,0.0,0.0,5.0,6.1,6.0,7.4,1.0,0.0,14.0,5864.0,4867.0
370.0,74.0,15.0,7.0,42.0,0.0,10.0,74.0,0.0,0.0,42.3,42.3,42.3,42.3,1.0,0.0,17.0,3132.0,3132.0
371.0,81.0,18.0,4.0,25.0,21.0,10.0,25.0,30.0,23.0,1.1,1.1,1.3,1.4,1.0,0.0,1.0,107.0,89.0
372.0,106.0,6.0,33.0,19.0,0.0,55.0,113.0,0.0,0.0,10.6,10.0,12.8,12.0,1.0,0.0,7.0,1357.0,1126.0
373.0,1168.0,516.0,240.0,176.0,314.0,10.0,1256.0,0.0,0.0,1.3,1.2,1.3,1.2,3.0,0.0,8.0,1538.0,1538.0
374.0,1021.0,392.0,119.0,235.0,166.0,47.0,959.0,0.0,0.0,6.6,7.6,6.6,7.6,1.0,0.0,11.0,7263.0,7263.0
375.0,67.0,10.0,18.0,31.0,0.0,0.0,0.0,59.0,0.0,57.5,65.3,69.3,78.7,1.0,0.0,2.0,4642.0,3853.0
376.0,1256.0,270.0,121.0,450.0,90.0,50.0,981.0,0.0,0.0,23.0,29.4,41.0,52.5,1.0,0.0,28.0,51527.0,28855.0
377.0,72.0,67.0,5.0,0.0,0.0,0.0,6.0,66.0,0.0,17.3,17.3,20.9,20.9,1.0,0.0,15.0,1504.0,1248.0
378.0,777.0,287.0,159.0,38.0,147.0,45.0,676.0,0.0,0.0,19.4,22.2,22.2,25.6,2.0,0.0,13.0,17286.0,15039.0
379.0,131.0,30.0,33.0,18.0,35.0,12.0,128.0,0.0,0.0,37.8,38.6,45.5,46.6,1.0,0.0,13.0,5960.0,4947.0
380.0,134.0,78.0,0.0,0.0,63.0,0.0,141.0,0.0,0.0,15.1,14.3,18.2,17.3,1.0,0.0,8.0,2433.0,2019.0
381.0,826.0,255.0,295.0,72.0,157.0,0.0,779.0,0.0,0.0,6.5,6.9,6.5,6.9,1.0,0.0,42.0,5400.0,5400.0
382.0,3180.0,916.0,538.0,295.0,969.0,0.0,2718.0,0.0,0.0,10.4,12.2,10.4,12.2,4.0,0.0,36.0,33028.0,33028.0
383.0,324.0,175.0,108.0,29.0,17.0,5.0,334.0,0.0,0.0,15.7,15.2,15.7,15.2,1.0,0.0,13.0,5078.0,5078.0
384.0,220.0,132.0,45.0,30.0,7.0,0.0,49.0,165.0,0.0,3.2,3.3,3.2,3.3,1.0,0.0,3.0,701.0,701.0
385.0,258.0,34.0,89.0,6.0,63.0,49.0,241.0,0.0,0.0,2.9,3.1,2.9,3.1,1.0,0.0,12.0,736.0,736.0
386.0,139.0,25.0,19.0,6.0,29.0,60.0,139.0,0.0,0.0,7.0,7.0,7.0,7.0,2.0,0.0,7.0,976.0,976.0
387.0,274.0,70.0,123.0,57.0,28.0,30.0,308.0,0.0,0.0,4.3,3.8,4.3,3.8,2.0,0.0,4.0,1167.0,1167.0
388.0,231.0,0.0,86.0,0.0,50.0,130.0,266.0,0.0,0.0,16.3,14.1,16.3,14.1,4.0,0.0,12.0,3762.0,3762.0
389.0,126.0,58.0,15.0,6.0,21.0,40.0,22.0,118.0,0.0,4.9,4.447076871439696,4.9,4.4,2.0,0.0,5.0,619.0,619.0
390.0,93.0,0.0,70.0,0.0,15.0,10.0,0.0,95.0,0.0,11.8,11.6,14.3,14.0,1.0,0.0,8.0,1327.0,1101.0
391.0,1825.0,594.0,569.0,192.0,259.0,60.0,1674.0,0.0,0.0,0.7,0.7,0.7,0.7,1.0,0.0,15.0,1210.0,1210.0
392.0,500.0,229.0,31.0,130.0,60.0,0.0,170.0,227.0,53.0,11.8,13.1,14.2,15.7,1.0,0.0,8.0,7080.0,5876.0
393.0,373.0,129.0,96.0,21.0,105.0,50.0,389.0,12.0,0.0,6.4,6.0,6.4,6.0,2.0,0.0,10.0,2395.0,2395.0
394.0,330.0,179.0,26.0,64.0,110.0,0.0,379.0,0.0,0.0,3.2,2.8,3.2,2.8,1.0,0.0,10.0,1050.0,1050.0
395.0,57.0,27.0,28.0,0.0,0.0,0.0,0.0,55.0,0.0,30.5,31.7,36.8,38.1,1.0,0.0,4.0,2098.0,1741.0
396.0,127.0,61.0,0.0,20.0,44.0,0.0,13.0,98.0,14.0,12.4,12.6,15.0,15.2,1.0,0.0,4.0,1902.0,1579.0
397.0,1362.0,579.0,291.0,171.0,378.0,0.0,1419.0,0.0,0.0,2.3,2.3,2.3,2.3,3.0,0.0,11.0,3193.0,3193.0
398.0,1463.0,780.0,119.0,223.0,371.0,0.0,1493.0,0.0,0.0,24.6,24.1,24.6,24.1,4.0,0.0,23.0,36046.0,36046.0
399.0,148.0,12.0,49.0,36.0,28.0,15.0,140.0,0.0,0.0,23.2,24.6,28.0,29.6,1.0,0.0,3.0,4141.0,3437.0
400.0,474.0,71.0,24.0,343.0,21.0,15.0,41.0,433.0,0.0,3.9,3.9,3.9,3.9,1.0,0.0,6.0,1829.0,1829.0
401.0,77.0,24.0,18.0,21.0,14.0,0.0,18.0,59.0,0.0,5.3,5.3,6.4,6.4,1.0,0.0,10.0,492.0,408.0
402.0,213.0,105.0,67.0,41.0,0.0,0.0,52.0,161.0,0.0,3.8,3.8,3.8,3.8,1.0,0.0,2.0,801.0,801.0
403.0,175.0,22.0,53.0,0.0,100.0,0.0,59.0,116.0,0.0,3.4,3.4,3.4,3.4,2.0,0.0,6.0,597.0,597.0
404.0,360.0,122.0,98.0,54.0,62.0,0.0,336.0,0.0,0.0,2.1,2.3,2.1,2.3,1.0,0.0,18.0,763.0,763.0
405.0,331.0,84.0,0.0,12.0,0.0,284.0,156.0,96.0,128.0,3.7,3.3,3.7,3.3,2.0,0.0,5.0,1238.0,1238.0
406.0,285.0,48.0,187.0,15.0,35.0,25.0,310.0,0.0,0.0,4.4,4.0,4.4,4.0,2.0,0.0,7.0,1249.0,1249.0
407.0,187.0,72.0,32.0,10.0,44.0,5.0,4.0,159.0,0.0,73.5,84.4,84.5,97.0,2.0,0.0,3.0,15807.0,13752.0
408.0,502.0,120.0,32.0,89.0,83.0,120.0,444.0,0.0,0.0,18.5,20.9,18.5,20.9,1.0,0.0,14.0,9296.0,9296.0
409.0,303.0,0.0,266.0,0.0,0.0,25.0,0.0,291.0,0.0,1.1,1.1,1.3,1.4,1.0,0.0,1.0,396.0,329.0
410.0,174.0,105.0,83.0,0.0,0.0,5.0,98.0,35.0,60.0,17.7,16.0,17.7,16.0,2.0,0.0,17.0,3088.0,3088.0
411.0,44.0,14.0,0.0,16.0,17.0,5.0,49.0,3.0,0.0,8.6,7.3,8.6,7.3,4.0,0.0,2.0,380.0,380.0
412.0,387.0,88.0,221.0,37.0,34.0,0.0,18.0,362.0,0.0,6.0,6.1,7.3,7.4,1.0,0.0,7.0,2811.0,2333.0
413.0,406.0,18.0,374.0,27.0,0.0,0.0,21.0,398.0,0.0,5.2,5.0,5.2,5.0,2.0,0.0,19.0,2109.0,2109.0
414.0,496.0,198.0,109.0,67.0,90.0,60.0,524.0,0.0,0.0,20.3,19.2,23.4,22.1,2.0,0.0,14.0,11586.0,10080.0
415.0,116.0,34.0,38.0,4.0,30.0,0.0,33.0,73.0,0.0,4.8,5.2,4.8,5.2,1.0,0.0,2.0,553.0,553.0
416.0,53.0,17.0,17.0,0.0,24.0,5.0,63.0,0.0,0.0,6.7,5.6,6.7,5.6,2.0,0.0,16.0,354.0,354.0
417.0,209.0,42.0,145.0,10.0,43.0,0.0,225.0,15.0,0.0,0.9,0.8,0.9,0.8,1.0,0.0,2.0,190.0,190.0
418.0,903.0,336.0,134.0,158.0,148.0,100.0,387.0,303.0,186.0,6.1,6.3,7.3,7.5,1.0,0.0,11.0,6605.0,5482.0
419.0,469.0,71.0,170.0,15.0,67.0,96.0,419.0,-0.0,0.0,6.8,7.6,8.2,9.2,1.0,0.0,11.0,3845.0,3191.0
250.0,1894.0,187.0,1241.0,143.0,156.0,10.0,966.0,696.0,75.0,2.1,2.3,2.1,2.3,2.0,0.0,12.0,3986.0,3986.0
421.0,215.0,108.0,0.0,94.0,7.0,0.0,76.0,133.0,0.0,2.6,2.7,2.6,2.7,1.0,0.0,7.0,560.0,560.0
422.0,82.0,38.0,9.0,20.0,14.0,0.0,29.0,52.0,0.0,1.0,1.0,1.2,1.2,1.0,0.0,2.0,96.0,80.0
423.0,1694.0,391.0,469.0,385.0,210.0,85.0,1540.0,0.0,0.0,4.6,5.1,4.6,5.1,1.0,0.0,16.0,7816.0,7816.0
424.0,81.0,24.0,22.0,20.0,10.0,0.0,64.0,4.0,8.0,24.7,26.3,29.8,31.7,1.0,0.0,5.0,2412.0,2002.0
425.0,297.0,150.0,7.0,132.0,0.0,0.0,13.0,264.0,12.0,5.2,5.4,5.2,5.4,1.0,0.0,6.0,1557.0,1557.0
426.0,280.0,161.0,91.0,0.0,10.0,0.0,262.0,0.0,0.0,5.1,5.4,5.1,5.4,4.0,0.0,7.0,1417.0,1417.0
427.0,56.0,19.0,5.0,16.0,10.0,0.0,29.0,21.0,0.0,22.3,24.9,26.8,30.0,1.0,0.0,5.0,1501.0,1246.0
428.0,492.0,114.0,97.0,157.0,49.0,75.0,248.0,244.0,0.0,8.5,8.5,8.5,8.5,1.0,0.0,11.0,4158.0,4158.0
429.0,426.0,127.0,122.0,54.0,87.0,20.0,31.0,352.0,27.0,1.5,1.6,1.8,1.9,1.0,0.0,2.0,778.0,646.0
430.0,499.0,262.0,42.0,60.0,90.0,0.0,155.0,299.0,0.0,4.6,5.1,4.6,5.1,1.0,0.0,10.0,2310.0,2310.0
431.0,60.0,9.0,32.0,12.0,7.0,0.0,60.0,0.0,0.0,16.545008308793584,16.5,18.4,18.4,1.0,0.0,5.0,1102.0,992.0
432.0,362.0,152.0,68.0,41.0,72.0,15.0,348.0,0.0,0.0,19.6,20.4,23.6,24.5,1.0,0.0,6.0,8543.0,7091.0
433.0,363.0,169.0,23.0,115.0,42.0,0.0,82.0,267.0,0.0,9.48318585039843,9.8,11.4,11.8,1.0,0.0,5.0,4134.0,3431.0
434.0,53.0,24.0,0.0,24.0,0.0,0.0,0.0,48.0,0.0,19.0,21.0,22.9,25.3,1.0,0.0,3.0,1213.0,1007.0
435.0,17518.0,9404.0,1221.0,0.0,2955.0,0.0,13580.0,0.0,0.0,3.1,4.0,3.1,4.0,1.0,0.0,14.0,54620.0,54620.0
436.0,199.0,82.0,92.0,13.0,10.0,0.0,20.0,100.0,77.0,4.4,4.4,5.3,5.3,1.0,0.0,2.0,1049.0,871.0
437.0,2171.0,534.0,319.0,323.0,87.0,0.0,209.0,984.0,70.0,9.1,15.6,9.1,15.6,1.0,0.0,8.0,19699.0,19699.0
438.0,220.0,90.0,19.0,64.0,39.0,0.0,12.0,200.0,0.0,8.8,9.1,10.6,11.0,1.0,0.0,4.0,2325.0,1930.0
439.0,1355.0,535.0,428.0,58.0,224.0,10.0,1255.0,0.0,0.0,5.5,6.0,5.5,6.0,1.0,0.0,26.0,7505.0,7505.0
440.0,374.0,170.0,4.0,88.0,126.0,10.0,398.0,0.0,0.0,0.8,0.8,1.0,0.9,1.0,0.0,2.0,363.0,300.0
441.0,62.0,51.0,0.0,0.0,10.0,5.0,66.0,0.0,0.0,5.6,5.3,6.8,6.4,1.0,0.0,3.0,420.0,349.0
442.0,311.0,11.0,217.0,3.0,36.0,57.0,324.0,0.0,0.0,6.6,6.3,7.9,7.6,1.0,0.0,6.0,2455.0,2038.0
443.0,132.0,32.0,15.0,13.0,31.0,45.0,136.0,0.0,0.0,4.6,4.4,5.5,5.3,1.0,0.0,6.0,724.0,601.0
444.0,135.0,60.0,17.0,0.0,70.0,0.0,0.0,147.0,0.0,4.9,4.5,4.9,4.5,2.0,0.0,15.0,667.0,667.0
445.0,79.0,16.0,34.0,0.0,28.0,10.0,81.0,7.0,0.0,45.4,40.7,54.7,49.1,1.0,0.0,5.0,4319.0,3585.0
446.0,155.0,75.0,28.0,10.0,29.0,0.0,14.0,128.0,0.0,12.4,13.5,14.9,16.3,1.0,0.0,4.0,2308.0,1916.0
447.0,965.0,433.0,234.0,148.0,245.0,0.0,1060.0,0.0,0.0,3.8,3.4,4.1,3.7,1.0,0.0,30.0,3930.0,3655.0
448.0,296.0,27.0,166.0,48.0,21.0,50.0,312.0,0.0,0.0,18.4,17.4,18.4,17.4,2.0,0.0,10.0,5432.0,5432.0
449.0,56.0,3.0,19.0,10.0,24.0,0.0,56.0,0.0,0.0,3.0,3.0,3.0,3.0,2.0,0.0,6.0,170.0,170.0
450.0,206.0,88.0,23.0,31.0,35.0,0.0,73.0,104.0,0.0,8.8,10.3,10.7,12.4,1.0,0.0,8.0,2196.0,1823.0
451.0,651.0,104.0,385.0,16.0,49.0,27.0,581.0,0.0,0.0,5.5,6.2,6.7,7.5,1.0,0.0,4.0,4352.0,3612.0
452.0,2323.0,804.0,332.0,0.0,947.0,240.0,636.0,1552.0,135.0,1.7,1.7,1.7,1.7,2.0,0.0,6.0,3981.0,3981.0
453.0,146.0,46.0,0.0,50.0,41.0,0.0,44.0,93.0,0.0,13.6,14.5,16.4,17.4,1.0,0.0,6.0,2390.0,1984.0
454.0,284.0,49.0,83.0,75.0,51.0,5.0,80.0,183.0,0.0,12.8,13.9,15.5,16.7,1.0,0.0,5.0,4393.0,3887.0
455.0,249.0,47.0,26.0,80.0,84.0,0.0,237.0,0.0,0.0,15.3,16.0,15.3,16.0,2.0,0.0,9.0,3800.0,3800.0
456.0,32.0,4.0,7.0,0.0,0.0,30.0,41.0,0.0,0.0,15.6,12.1,15.6,12.1,1.0,0.0,3.0,498.0,498.0
457.0,1908.0,401.0,1216.0,155.0,107.0,10.0,1889.0,0.0,0.0,14.2,14.3,14.2,14.3,3.0,0.0,48.0,27000.0,27000.0
458.0,253.0,56.0,149.0,0.0,24.0,24.0,76.0,177.0,0.0,6.7,6.7,6.7,6.7,1.0,0.0,7.0,1694.0,1694.0
459.0,184.0,53.0,21.0,43.0,38.0,15.0,170.0,0.0,0.0,16.0,17.4,18.424200679164343,20.0,2.0,0.0,4.0,3393.0,2952.0
460.0,76.0,60.0,12.0,0.0,0.0,0.0,0.0,72.0,0.0,4.9,5.2,5.9,6.3,1.0,0.0,1.0,451.0,374.0
461.0,276.0,108.0,5.0,75.0,56.0,0.0,177.0,53.0,14.0,1.1,1.2,1.1,1.2,1.0,0.0,4.0,300.0,300.0
462.0,3471.0,1327.0,257.0,534.0,995.0,42.0,3155.0,0.0,0.0,2.2,2.4,2.2,2.4,4.0,0.0,17.0,7575.0,7575.0
463.0,380.0,67.0,103.0,77.0,98.0,20.0,365.0,0.0,0.0,8.7,9.1,10.5,11.0,1.0,0.0,9.0,4002.0,3322.0
464.0,155.0,18.0,0.0,69.0,14.0,47.0,148.0,0.0,0.0,33.5,35.1,33.5,35.1,1.0,0.0,8.0,5196.0,5196.0
465.0,327.0,64.0,142.0,21.0,0.0,100.0,327.0,0.0,-0.0,7.8,7.8,7.8,7.8,2.0,0.0,16.0,2566.0,2566.0
466.0,193.0,82.0,80.0,50.0,14.0,0.0,41.0,182.0,3.0,8.7,7.5,10.5,9.0,1.0,0.0,5.0,2031.0,1686.0
467.0,1108.0,279.0,20.0,314.0,273.0,30.0,916.0,0.0,0.0,22.6,27.4,24.3,29.4,1.0,0.0,6.0,26940.0,25054.0
468.0,363.0,168.0,10.0,92.0,77.0,5.0,0.0,352.0,0.0,0.3,0.3,0.4,0.4,1.0,0.0,10.0,141.0,117.0
469.0,249.0,144.0,104.0,6.0,14.0,0.0,268.0,0.0,0.0,2.0,1.9,2.0,1.9,1.0,0.0,3.0,500.0,500.0
470.0,769.0,265.0,195.0,235.0,52.0,0.0,178.0,557.0,12.0,16.3,16.8,16.3,16.8,1.0,0.0,8.0,12551.0,12551.0
471.0,137.0,54.0,42.0,30.0,7.0,0.0,97.0,36.0,0.0,2.9,3.0,2.9,3.0,1.0,0.0,3.0,399.0,399.0
472.0,579.0,215.0,81.0,109.0,112.0,0.0,517.0,0.0,0.0,1.4,1.5,1.4,1.5427139011150468,1.0,0.0,7.0,784.0,784.0
473.0,133.0,39.0,0.0,41.0,24.0,20.0,124.0,0.0,0.0,15.9,17.0,18.3,19.6,2.0,0.0,6.0,2428.0,2112.0
474.0,78.0,7.0,44.0,6.0,21.0,0.0,22.0,46.0,10.0,7.7,8.8,8.8,10.1,2.0,0.0,3.0,690.0,600.0
475.0,101.0,12.0,31.0,3.0,50.0,0.0,65.0,28.0,3.0,4.5,4.7,4.5,4.7,1.0,0.0,2.0,450.0,450.0
476.0,1222.0,503.0,333.0,173.0,150.0,5.0,1164.0,0.0,0.0,4.7,5.0,4.7,5.0,1.0,0.0,20.0,5800.0,5800.0
477.0,1093.0,486.0,277.0,126.0,147.0,5.0,788.0,253.0,0.0,2.3,2.4581394048471434,2.3,2.5,2.0,0.0,7.0,2565.0,2565.0
478.0,222.0,41.0,57.0,18.0,81.0,25.0,222.0,0.0,0.0,10.7,10.6,10.7,10.6,2.0,0.0,4.0,2385.0,2385.0
479.0,2067.0,1056.0,658.0,45.0,303.0,5.0,1510.0,557.0,0.0,5.0,5.0,5.0,5.0,2.0,0.0,21.0,10398.0,10398.0
480.0,162.0,65.0,31.0,22.0,38.0,0.0,141.0,15.0,0.0,19.6,22.0,23.6,26.5,1.0,0.0,10.0,4137.0,3434.0
481.0,230.0,180.0,12.0,41.0,14.0,0.0,247.0,0.0,0.0,1.7,1.6,6.0,5.6,1.0,0.0,7.0,1379.0,400.0
482.0,104.0,32.0,5.0,40.0,28.0,10.0,115.0,0.0,0.0,3.3,2.9,4.9,4.5,4.0,0.0,2.0,512.0,338.0
483.0,177.0,24.0,79.0,6.0,42.0,60.0,211.0,0.0,0.0,16.0,13.4,16.0,13.4,2.0,0.0,17.0,2835.0,2835.0
484.0,62.0,33.0,0.0,12.0,10.0,0.0,22.0,33.0,0.0,9.6,10.8,11.5,13.0,1.0,0.0,2.0,716.0,594.0
485.0,487.0,146.0,238.0,53.0,24.0,12.0,45.0,428.0,0.0,2.1,2.2,2.1,2.2,1.0,0.0,6.0,1017.0,1017.0
486.0,177.0,40.0,12.0,27.0,38.0,60.0,177.0,0.0,0.0,4.5,4.5,5.4,5.4,1.0,0.0,8.0,951.0,789.0
487.0,105.0,34.0,66.0,10.0,37.0,15.0,162.0,0.0,0.0,7.4,4.8,7.4,4.8,1.0,0.0,3.0,774.0,774.0
488.0,140.0,43.0,68.0,3.0,57.0,0.0,171.0,0.0,0.0,4.6,3.7,4.6,3.7,4.0,0.0,2.0,640.0,640.0
489.0,230.0,81.0,49.0,37.0,58.0,0.0,225.0,0.0,0.0,2.2,2.2,2.2,2.2,1.0,0.0,4.0,500.0,500.0
490.0,236.0,102.0,84.0,52.0,0.0,0.0,238.0,0.0,0.0,2.5,2.5,2.8,2.8,1.0,0.0,10.0,668.0,601.0
491.0,846.0,322.0,56.0,112.0,234.0,5.0,729.0,0.0,0.0,19.1,22.2,19.1,22.2,1.0,0.0,13.0,16179.0,16179.0
492.0,139.0,18.0,21.0,30.0,70.0,0.0,139.0,0.0,0.0,17.6,17.6,17.6,17.6,2.0,0.0,6.0,2446.0,2446.0
493.0,51.0,12.0,27.0,0.0,0.0,7.0,7.0,39.0,0.0,6.6,7.3,6.6,7.3,1.0,0.0,3.0,338.0,338.0
494.0,195.0,57.0,32.0,12.0,140.0,0.0,241.0,0.0,0.0,9.2,7.4,11.0,8.9,1.0,0.0,9.0,2152.0,1786.0
495.0,51.0,32.0,0.0,16.0,7.0,0.0,0.0,55.0,0.0,17.6,16.3,21.2,19.7,1.0,0.0,3.0,1083.0,899.0
496.0,1106.0,410.0,267.0,108.0,152.0,25.0,962.0,0.0,0.0,15.0,17.2,17.2,19.8,2.0,0.0,20.0,19034.0,16560.0
497.0,99.0,13.0,32.0,3.0,42.0,5.0,95.0,0.0,0.0,5.3,5.5,6.4,6.7,1.0,0.0,4.0,634.0,526.0
498.0,56.0,24.0,0.0,9.0,14.0,0.0,47.0,0.0,0.0,7.9,9.4,7.9,9.4,2.0,0.0,6.0,440.0,440.0
499.0,213.0,123.0,91.0,28.0,0.0,-0.0,36.0,206.0,0.0,10.3,9.0,10.3,9.0,1.0,0.0,7.0,2185.0,2185.0
